{"bpm":71.8,"beats":[0.7430385487528345,1.5789569160997732,2.414875283446712,3.250793650793651,4.08671201814059,4.922630385487528,5.758548752834467,6.594467120181406,7.430385487528345,8.266303854875284,9.102222222222222,9.93814058956916,10.7740589569161,11.609977324263038,12.445895691609977,13.281814058956916,14.117732426303855,14.953650793650795,15.789569160997733,16.62548752834467,17.46140589569161,18.297324263038547,19.13324263038549,19.969160997732427,20.805079365079365,21.640997732426303,22.47691609977324,23.312834467120183,24.14875283446712,24.98467120181406,25.820589569160997,26.656507936507936,27.492426303854874,28.328344671201815,29.164263038548754,30.00018140589569,30.83609977324263,31.672018140589568,32.507936507936506,33.34385487528345,34.17977324263038,35.015691609977324,35.851609977324266,36.6875283446712,37.52344671201814,38.35936507936508,39.19528344671202,40.03120181405896,40.867120181405895,41.703038548752836,42.53895691609977,43.37487528344671,44.210793650793654,45.04671201814059,45.88263038548753,46.718548752834465,47.55446712018141,48.39038548752834,49.22630385487528,50.062222222222225,50.89814058956916,51.7340589569161,52.569977324263036,53.40589569160998,54.24181405895692,55.077732426303854,55.913650793650795,56.74956916099773,57.58548752834467,58.42140589569161,59.25732426303855,60.09324263038549,60.929160997732424,61.765079365079366,62.6009977324263,63.43691609977324,64.27283446712018,65.10875283446713,65.94467120181406,66.780589569161,67.61650793650794,68.45242630385488,69.28834467120181,70.12426303854875,70.9601814058957,71.79609977324263,72.63201814058957,73.46793650793651,74.30385487528345,75.13977324263038,75.97569160997732,76.81160997732427,77.6475283446712,78.48344671201814,79.31936507936508,80.15528344671202,80.99120181405895,81.8271201814059,82.66303854875284,83.49895691609977,84.3348752834467,85.17079365079366,86.00671201814059,86.84263038548752,87.67854875283447,88.51446712018141,89.35038548752834],"downbeats":[3.250793650793651,6.594467120181406,9.93814058956916,13.281814058956916,16.62548752834467,19.969160997732427,23.312834467120183,26.656507936507936,30.00018140589569,33.34385487528345,36.6875283446712,40.03120181405896,43.37487528344671,46.718548752834465,50.062222222222225,53.40589569160998,56.74956916099773,60.09324263038549,63.43691609977324,66.780589569161,70.12426303854875,73.46793650793651,76.81160997732427,80.15528344671202,83.49895691609977,86.84263038548752],"beatOffsetSec":0.7430385487528345}