{"bpm":68,"beats":[0.023219954648526078,0.905578231292517,1.787936507936508,2.670294784580499,3.5526530612244898,4.435011337868481,5.317369614512471,6.199727891156463,7.082086167800454,7.964444444444444,8.846802721088435,9.729160997732427,10.611519274376418,11.493877551020407,12.376235827664399,13.25859410430839,14.140952380952381,15.023310657596372,15.905668934240364,16.788027210884355,17.670385487528346,18.552743764172334,19.435102040816325,20.317460317460316,21.199818594104308,22.0821768707483,22.96453514739229,23.84689342403628,24.729251700680273,25.611609977324264,26.493968253968255,27.376326530612246,28.258684807256238,29.141043083900225,30.023401360544216,30.905759637188208,31.7881179138322,32.670476190476194,33.55283446712018,34.43519274376417,35.31755102040816,36.19990929705215,37.08226757369614,37.964625850340134,38.846984126984125,39.72934240362812,40.61170068027211,41.4940589569161,42.37641723356009,43.25877551020408,44.14113378684807,45.023492063492064,45.905850340136055,46.78820861678005,47.67056689342404,48.55292517006803,49.43528344671202,50.31764172335601,51.2,52.082358276643994,52.964716553287985,53.84707482993197,54.72943310657596,55.61179138321995,56.49414965986394,57.376507936507934,58.258866213151926,59.14122448979592,60.02358276643991,60.9059410430839,61.78829931972789,62.67065759637188,63.55301587301587,64.43537414965986,65.31773242630385,66.20009070294785,67.08244897959183,67.96480725623583,68.84716553287981,69.72952380952381,70.6118820861678,71.4942403628118,72.37659863945578,73.25895691609978,74.14131519274376,75.02367346938776,75.90603174603174,76.78839002267574,77.67074829931973,78.55310657596372,79.43546485260771,80.3178231292517,81.20018140589569,82.08253968253969,82.96489795918367,83.84725623582766,84.72961451247166,85.61197278911564,86.49433106575964,87.37668934240362,88.25904761904762,89.1414058956916],"downbeats":[0.023219954648526078,3.5526530612244898,7.082086167800454,10.611519274376418,14.140952380952381,17.670385487528346,21.199818594104308,24.729251700680273,28.258684807256238,31.7881179138322,35.31755102040816,38.846984126984125,42.37641723356009,45.905850340136055,49.43528344671202,52.964716553287985,56.49414965986394,60.02358276643991,63.55301587301587,67.08244897959183,70.6118820861678,74.14131519274376,77.67074829931973,81.20018140589569,84.72961451247166,88.25904761904762],"beatOffsetSec":0.023219954648526078}