{"bpm":117.5,"beats":[0.16253968253968254,0.6733786848072563,1.18421768707483,1.6950566893424037,2.2058956916099772,2.716734693877551,3.2275736961451247,3.7384126984126986,4.249251700680272,4.760090702947846,5.270929705215419,5.7817687074829935,6.292607709750567,6.8034467120181406,7.314285714285714,7.825124716553288,8.335963718820862,8.846802721088435,9.357641723356009,9.868480725623582,10.379319727891156,10.89015873015873,11.400997732426303,11.911836734693878,12.422675736961452,12.933514739229025,13.444353741496599,13.955192743764172,14.466031746031746,14.97687074829932,15.487709750566893,15.998548752834466,16.50938775510204,17.020226757369613,17.531065759637187,18.04190476190476,18.552743764172334,19.06358276643991,19.574421768707484,20.085260770975058,20.59609977324263,21.106938775510205,21.61777777777778,22.128616780045352,22.639455782312925,23.1502947845805,23.661133786848072,24.171972789115646,24.68281179138322,25.193650793650793,25.704489795918366,26.21532879818594,26.726167800453513,27.237006802721087,27.74784580498866,28.258684807256238,28.76952380952381,29.280362811791385,29.791201814058958,30.30204081632653,30.812879818594105,31.32371882086168,31.834557823129252,32.345396825396826,32.8562358276644,33.36707482993197,33.877913832199546,34.38875283446712,34.89959183673469,35.41043083900227,35.92126984126984,36.432108843537414,36.94294784580499,37.45378684807256,37.964625850340134,38.47546485260771,38.98630385487528,39.497142857142855,40.00798185941043,40.518820861678,41.029659863945575,41.54049886621315,42.05133786848072,42.5621768707483,43.073015873015876,43.58385487528345,44.09469387755102,44.6055328798186,45.11637188208617,45.627210884353744,46.13804988662132,46.64888888888889,47.159727891156464,47.67056689342404,48.18140589569161,48.692244897959185,49.20308390022676,49.71392290249433,50.224761904761905,50.73560090702948,51.24643990929705,51.757278911564626,52.2681179138322,52.77895691609977,53.289795918367346,53.80063492063492,54.31147392290249,54.82231292517007,55.33315192743764,55.843990929705214,56.35482993197279,56.86566893424036,57.376507936507934,57.88734693877551,58.39818594104308,58.909024943310655,59.41986394557823,59.9307029478458,60.441541950113375,60.95238095238095,61.46321995464853,61.9740589569161,62.48489795918368,62.99573696145125,63.506575963718824,64.01741496598639,64.52825396825396,65.03909297052154,65.54993197278911,66.06077097505668,66.57160997732426,67.08244897959183,67.5932879818594,68.10412698412698,68.61496598639455,69.12580498866213,69.6366439909297,70.14748299319727,70.65832199546485,71.16916099773243,71.68,72.19083900226758,72.70167800453515,73.21251700680273,73.7233560090703,74.23419501133787,74.74503401360545,75.25587301587302,75.7667120181406,76.27755102040817,76.78839002267574,77.29922902494332,77.81006802721089,78.32090702947846,78.83174603174604,79.34258503401361,79.85342403628118,80.36426303854876,80.87510204081633,81.3859410430839,81.89678004535148,82.40761904761905,82.91845804988662,83.4292970521542,83.94013605442177,84.45097505668934,84.96181405895692,85.47265306122449,85.98349206349206,86.49433106575964,87.00517006802721,87.51600907029479,88.02684807256236,88.53768707482993,89.0485260770975,89.55936507936508],"downbeats":[1.6950566893424037,3.7384126984126986,5.7817687074829935,7.825124716553288,9.868480725623582,11.911836734693878,13.955192743764172,15.998548752834466,18.04190476190476,20.085260770975058,22.128616780045352,24.171972789115646,26.21532879818594,28.258684807256238,30.30204081632653,32.345396825396826,34.38875283446712,36.432108843537414,38.47546485260771,40.518820861678,42.5621768707483,44.6055328798186,46.64888888888889,48.692244897959185,50.73560090702948,52.77895691609977,54.82231292517007,56.86566893424036,58.909024943310655,60.95238095238095,62.99573696145125,65.03909297052154,67.08244897959183,69.12580498866213,71.16916099773243,73.21251700680273,75.25587301587302,77.29922902494332,79.34258503401361,81.3859410430839,83.4292970521542,85.47265306122449,87.51600907029479,89.55936507936508],"beatOffsetSec":0.16253968253968254,"dropSec":15.998548752834466}