{"bpm":76,"beats":[0.6501587301587302,1.4396371882086167,2.2291156462585033,3.01859410430839,3.8080725623582765,4.597551020408163,5.38702947845805,6.176507936507937,6.965986394557823,7.75546485260771,8.544943310657596,9.334421768707482,10.12390022675737,10.913378684807256,11.702857142857143,12.49233560090703,13.281814058956916,14.071292517006803,14.86077097505669,15.650249433106575,16.439727891156462,17.22920634920635,18.018684807256236,18.808163265306124,19.59764172335601,20.387120181405894,21.176598639455783,21.966077097505668,22.755555555555556,23.54503401360544,24.33451247165533,25.123990929705215,25.913469387755104,26.70294784580499,27.492426303854874,28.281904761904762,29.071383219954647,29.860861678004536,30.65034013605442,31.43981859410431,32.229297052154195,33.01877551020408,33.80825396825397,34.59773242630386,35.38721088435374,36.17668934240363,36.96616780045351,37.755646258503404,38.54512471655329,39.334603174603174,40.12408163265306,40.91356009070295,41.703038548752836,42.49251700680272,43.281995464852606,44.07147392290249,44.860952380952384,45.65043083900227,46.439909297052154,47.22938775510204,48.01886621315193,48.808344671201816,49.5978231292517,50.387301587301586,51.17678004535147,51.96625850340136,52.75573696145125,53.54521541950113,54.33469387755102,55.12417233560091,55.913650793650795,56.70312925170068,57.492607709750565,58.28208616780045,59.07156462585034,59.86104308390023,60.65052154195011,61.44,62.22947845804989,63.018956916099775,63.80843537414966,64.59791383219955,65.38739229024944,66.17687074829932,66.96634920634921,67.75582766439909,68.54530612244898,69.33478458049886,70.12426303854875,70.91374149659863,71.70321995464853,72.49269841269842,73.2821768707483,74.07165532879819,74.86113378684807,75.65061224489796,76.44009070294784,77.22956916099773,78.01904761904763,78.80852607709751,79.5980045351474,80.38748299319728,81.17696145124717,81.96643990929705,82.75591836734694,83.54539682539682,84.3348752834467,85.1243537414966,85.91383219954649,86.70331065759638,87.49278911564626,88.28226757369615,89.07174603174603,89.86122448979592],"downbeats":[3.01859410430839,6.176507936507937,9.334421768707482,12.49233560090703,15.650249433106575,18.808163265306124,21.966077097505668,25.123990929705215,28.281904761904762,31.43981859410431,34.59773242630386,37.755646258503404,40.91356009070295,44.07147392290249,47.22938775510204,50.387301587301586,53.54521541950113,56.70312925170068,59.86104308390023,63.018956916099775,66.17687074829932,69.33478458049886,72.49269841269842,75.65061224489796,78.80852607709751,81.96643990929705,85.1243537414966,88.28226757369615],"beatOffsetSec":0.6501587301587302}