{"bpm":80.7,"beats":[0.37151927437641724,1.1145578231292517,1.8575963718820863,2.6006349206349206,3.3436734693877552,4.08671201814059,4.829750566893424,5.572789115646258,6.315827664399093,7.058866213151927,7.801904761904762,8.544943310657596,9.287981859410431,10.031020408163265,10.7740589569161,11.517097505668934,12.26013605442177,13.003174603174603,13.746213151927437,14.489251700680272,15.232290249433106,15.975328798185942,16.718367346938777,17.46140589569161,18.204444444444444,18.94748299319728,19.690521541950112,20.433560090702947,21.176598639455783,21.91963718820862,22.66267573696145,23.405714285714286,24.14875283446712,24.891791383219953,25.63482993197279,26.377868480725624,27.12090702947846,27.86394557823129,28.606984126984127,29.350022675736962,30.093061224489794,30.83609977324263,31.579138321995465,32.3221768707483,33.065215419501136,33.80825396825397,34.5512925170068,35.294331065759636,36.03736961451247,36.78040816326531,37.52344671201814,38.26648526077098,39.00952380952381,39.75256235827664,40.49560090702948,41.23863945578231,41.98167800453515,42.72471655328798,43.46775510204082,44.210793650793654,44.95383219954648,45.69687074829932,46.439909297052154,47.18294784580499,47.925986394557825,48.66902494331066,49.412063492063496,50.155102040816324,50.89814058956916,51.641179138321995,52.38421768707483,53.127256235827666,53.8702947845805,54.61333333333334,55.356371882086165,56.099410430839,56.842448979591836,57.58548752834467,58.32852607709751,59.07156462585034,59.81460317460318,60.55764172335601,61.30068027210884,62.04371882086168,62.78675736961451,63.52979591836735,64.27283446712018,65.01587301587301,65.75891156462585,66.50195011337868,67.24498866213152,67.98802721088435,68.73106575963719,69.47410430839003,70.21714285714286,70.9601814058957,71.70321995464853,72.44625850340137,73.18929705215419,73.93233560090702,74.67537414965986,75.4184126984127,76.16145124716553,76.90448979591837,77.6475283446712,78.39056689342404,79.13360544217687,79.87664399092971,80.61968253968254,81.36272108843538,82.10575963718821,82.84879818594105,83.59183673469387,84.3348752834467,85.07791383219954,85.82095238095238,86.56399092970521,87.30702947845805,88.05006802721088,88.79310657596372,89.53614512471655],"downbeats":[0.37151927437641724,3.3436734693877552,6.315827664399093,9.287981859410431,12.26013605442177,15.232290249433106,18.204444444444444,21.176598639455783,24.14875283446712,27.12090702947846,30.093061224489794,33.065215419501136,36.03736961451247,39.00952380952381,41.98167800453515,44.95383219954648,47.925986394557825,50.89814058956916,53.8702947845805,56.842448979591836,59.81460317460318,62.78675736961451,65.75891156462585,68.73106575963719,71.70321995464853,74.67537414965986,77.6475283446712,80.61968253968254,83.59183673469387,86.56399092970521,89.53614512471655],"beatOffsetSec":0.37151927437641724}