{"bpm":95.7,"beats":[0.23219954648526078,0.8591383219954648,1.486077097505669,2.1130158730158732,2.7399546485260773,3.3668934240362813,3.9938321995464854,4.620770975056689,5.2477097505668935,5.874648526077097,6.501587301587302,7.128526077097506,7.75546485260771,8.382403628117913,9.009342403628118,9.636281179138322,10.263219954648527,10.89015873015873,11.517097505668934,12.144036281179138,12.770975056689343,13.397913832199546,14.02485260770975,14.651791383219955,15.27873015873016,15.905668934240364,16.532607709750568,17.159546485260773,17.786485260770974,18.413424036281178,19.040362811791383,19.667301587301587,20.29424036281179,20.921179138321996,21.5481179138322,22.175056689342405,22.801995464852606,23.42893424036281,24.055873015873015,24.68281179138322,25.309750566893424,25.93668934240363,26.563628117913833,27.190566893424037,27.817505668934242,28.444444444444443,29.071383219954647,29.698321995464852,30.325260770975056,30.95219954648526,31.579138321995465,32.20607709750567,32.833015873015874,33.45995464852608,34.08689342403628,34.71383219954649,35.34077097505669,35.9677097505669,36.594648526077094,37.2215873015873,37.8485260770975,38.47546485260771,39.10240362811791,39.72934240362812,40.35628117913832,40.983219954648526,41.61015873015873,42.237097505668935,42.86403628117914,43.490975056689344,44.11791383219955,44.74485260770975,45.37179138321996,45.99873015873016,46.625668934240366,47.25260770975056,47.87954648526077,48.50648526077097,49.13342403628118,49.76036281179138,50.387301587301586,51.01424036281179,51.641179138321995,52.2681179138322,52.895056689342404,53.52199546485261,54.14893424036281,54.77587301587302,55.40281179138322,56.029750566893426,56.65668934240363,57.283628117913835,57.91056689342403,58.53750566893424,59.16444444444444,59.791383219954646,60.41832199546485,61.045260770975055,61.67219954648526,62.299138321995464,62.92607709750567,63.55301587301587,64.17995464852608,64.80689342403628,65.43383219954649,66.06077097505668,66.6877097505669,67.3146485260771,67.9415873015873,68.5685260770975,69.19546485260771,69.82240362811791,70.44934240362812,71.07628117913832,71.70321995464853,72.33015873015873,72.95709750566894,73.58403628117914,74.21097505668934,74.83791383219955,75.46485260770974,76.09179138321996,76.71873015873015,77.34566893424036,77.97260770975056,78.59954648526077,79.22648526077097,79.85342403628118,80.48036281179138,81.10730158730159,81.73424036281179,82.361179138322,82.9881179138322,83.61505668934241,84.24199546485261,84.86893424036282,85.49587301587302,86.12281179138321,86.74975056689343,87.37668934240362,88.00362811791383,88.63056689342403,89.25750566893424,89.88444444444444],"downbeats":[0.8591383219954648,3.3668934240362813,5.874648526077097,8.382403628117913,10.89015873015873,13.397913832199546,15.905668934240364,18.413424036281178,20.921179138321996,23.42893424036281,25.93668934240363,28.444444444444443,30.95219954648526,33.45995464852608,35.9677097505669,38.47546485260771,40.983219954648526,43.490975056689344,45.99873015873016,48.50648526077097,51.01424036281179,53.52199546485261,56.029750566893426,58.53750566893424,61.045260770975055,63.55301587301587,66.06077097505668,68.5685260770975,71.07628117913832,73.58403628117914,76.09179138321996,78.59954648526077,81.10730158730159,83.61505668934241,86.12281179138321,88.63056689342403],"beatOffsetSec":0.23219954648526078}