{"bpm":103.4,"beats":[0.023219954648526078,0.603718820861678,1.18421768707483,1.7647165532879818,2.345215419501134,2.9257142857142857,3.5062131519274375,4.08671201814059,4.667210884353741,5.2477097505668935,5.828208616780046,6.408707482993197,6.989206349206349,7.569705215419501,8.150204081632653,8.730702947845804,9.311201814058958,9.891700680272109,10.47219954648526,11.052698412698414,11.633197278911565,12.213696145124716,12.794195011337868,13.374693877551021,13.955192743764172,14.535691609977324,15.116190476190477,15.696689342403628,16.27718820861678,16.857687074829933,17.438185941043084,18.018684807256236,18.599183673469387,19.17968253968254,19.760181405895693,20.340680272108845,20.921179138321996,21.501678004535147,22.0821768707483,22.66267573696145,23.2431746031746,23.823673469387757,24.404172335600908,24.98467120181406,25.56517006802721,26.145668934240362,26.726167800453513,27.30666666666667,27.88716553287982,28.46766439909297,29.048163265306123,29.628662131519274,30.209160997732425,30.789659863945577,31.37015873015873,31.950657596371883,32.53115646258503,33.111655328798186,33.69215419501134,34.27265306122449,34.853151927437644,35.43365079365079,36.014149659863946,36.594648526077094,37.17514739229025,37.755646258503404,38.33614512471655,38.91664399092971,39.497142857142855,40.07764172335601,40.658140589569165,41.23863945578231,41.81913832199547,42.399637188208615,42.98013605442177,43.56063492063492,44.14113378684807,44.72163265306123,45.302131519274376,45.88263038548753,46.46312925170068,47.04362811791383,47.62412698412698,48.204625850340136,48.78512471655329,49.36562358276644,49.946122448979594,50.52662131519274,51.1071201814059,51.687619047619044,52.2681179138322,52.848616780045354,53.4291156462585,54.00961451247166,54.590113378684805,55.17061224489796,55.75111111111111,56.33160997732426,56.91210884353742,57.492607709750565,58.07310657596372,58.65360544217687,59.23410430839002,59.81460317460318,60.395102040816326,60.97560090702948,61.55609977324263,62.136598639455784,62.71709750566893,63.297596371882086,63.87809523809524,64.45859410430839,65.03909297052154,65.6195918367347,66.20009070294785,66.780589569161,67.36108843537414,67.9415873015873,68.52208616780045,69.1025850340136,69.68308390022676,70.26358276643991,70.84408163265306,71.42458049886622,72.00507936507937,72.58557823129252,73.16607709750566,73.74657596371883,74.32707482993197,74.90757369614512,75.48807256235828,76.06857142857143,76.64907029478458,77.22956916099773,77.81006802721089,78.39056689342404,78.97106575963718,79.55156462585035,80.1320634920635,80.71256235827664,81.29306122448979,81.87356009070295,82.4540589569161,83.03455782312925,83.61505668934241,84.19555555555556,84.7760544217687,85.35655328798185,85.93705215419502,86.51755102040816,87.09804988662131,87.67854875283447,88.25904761904762,88.83954648526077,89.42004535147392],"downbeats":[0.023219954648526078,2.345215419501134,4.667210884353741,6.989206349206349,9.311201814058958,11.633197278911565,13.955192743764172,16.27718820861678,18.599183673469387,20.921179138321996,23.2431746031746,25.56517006802721,27.88716553287982,30.209160997732425,32.53115646258503,34.853151927437644,37.17514739229025,39.497142857142855,41.81913832199547,44.14113378684807,46.46312925170068,48.78512471655329,51.1071201814059,53.4291156462585,55.75111111111111,58.07310657596372,60.395102040816326,62.71709750566893,65.03909297052154,67.36108843537414,69.68308390022676,72.00507936507937,74.32707482993197,76.64907029478458,78.97106575963718,81.29306122448979,83.61505668934241,85.93705215419502,88.25904761904762],"beatOffsetSec":0.023219954648526078}