{"bpm":92.3,"beats":[0.4876190476190476,1.1377777777777778,1.787936507936508,2.4380952380952383,3.0882539682539685,3.7384126984126986,4.388571428571429,5.038730158730159,5.688888888888889,6.339047619047619,6.989206349206349,7.63936507936508,8.289523809523809,8.93968253968254,9.58984126984127,10.24,10.89015873015873,11.54031746031746,12.19047619047619,12.84063492063492,13.49079365079365,14.140952380952381,14.79111111111111,15.441269841269841,16.091428571428573,16.741587301587302,17.39174603174603,18.04190476190476,18.692063492063493,19.342222222222222,19.99238095238095,20.64253968253968,21.292698412698414,21.942857142857143,22.593015873015872,23.2431746031746,23.893333333333334,24.543492063492064,25.193650793650793,25.843809523809522,26.493968253968255,27.144126984126984,27.794285714285714,28.444444444444443,29.094603174603176,29.744761904761905,30.394920634920634,31.045079365079363,31.695238095238096,32.345396825396826,32.995555555555555,33.645714285714284,34.29587301587301,34.94603174603174,35.59619047619048,36.24634920634921,36.89650793650794,37.54666666666667,38.196825396825396,38.846984126984125,39.497142857142855,40.147301587301584,40.79746031746032,41.44761904761905,42.09777777777778,42.74793650793651,43.39809523809524,44.04825396825397,44.698412698412696,45.348571428571425,45.99873015873016,46.64888888888889,47.29904761904762,47.94920634920635,48.59936507936508,49.24952380952381,49.89968253968254,50.54984126984127,51.2,51.85015873015873,52.50031746031746,53.15047619047619,53.80063492063492,54.45079365079365,55.10095238095238,55.75111111111111,56.401269841269844,57.05142857142857,57.7015873015873,58.35174603174603,59.00190476190476,59.65206349206349,60.30222222222222,60.95238095238095,61.602539682539685,62.252698412698415,62.902857142857144,63.55301587301587,64.2031746031746,64.85333333333334,65.50349206349206,66.1536507936508,66.80380952380952,67.45396825396826,68.10412698412698,68.75428571428571,69.40444444444445,70.05460317460317,70.70476190476191,71.35492063492063,72.00507936507937,72.65523809523809,73.30539682539683,73.95555555555555,74.60571428571428,75.25587301587302,75.90603174603174,76.55619047619048,77.2063492063492,77.85650793650794,78.50666666666666,79.1568253968254,79.80698412698413,80.45714285714286,81.10730158730159,81.75746031746031,82.40761904761905,83.05777777777777,83.70793650793651,84.35809523809523,85.00825396825397,85.6584126984127,86.30857142857143,86.95873015873016,87.60888888888888,88.25904761904762,88.90920634920634,89.55936507936508],"downbeats":[0.4876190476190476,3.0882539682539685,5.688888888888889,8.289523809523809,10.89015873015873,13.49079365079365,16.091428571428573,18.692063492063493,21.292698412698414,23.893333333333334,26.493968253968255,29.094603174603176,31.695238095238096,34.29587301587301,36.89650793650794,39.497142857142855,42.09777777777778,44.698412698412696,47.29904761904762,49.89968253968254,52.50031746031746,55.10095238095238,57.7015873015873,60.30222222222222,62.902857142857144,65.50349206349206,68.10412698412698,70.70476190476191,73.30539682539683,75.90603174603174,78.50666666666666,81.10730158730159,83.70793650793651,86.30857142857143,88.90920634920634],"beatOffsetSec":0.4876190476190476,"dropSec":10.89015873015873}