{"bpm":80.75,"beats":[0.2089795918367347,0.9520181405895691,1.6950566893424037,2.4380952380952383,3.1811337868480725,3.924172335600907,4.667210884353741,5.410249433106576,6.15328798185941,6.896326530612245,7.63936507936508,8.382403628117913,9.125442176870749,9.868480725623582,10.611519274376418,11.354557823129252,12.097596371882085,12.84063492063492,13.583673469387755,14.32671201814059,15.069750566893424,15.81278911564626,16.555827664399093,17.29886621315193,18.04190476190476,18.784943310657596,19.52798185941043,20.271020408163267,21.0140589569161,21.757097505668934,22.50013605442177,23.2431746031746,23.986213151927437,24.729251700680273,25.472290249433108,26.21532879818594,26.958367346938775,27.70140589569161,28.444444444444443,29.18748299319728,29.930521541950114,30.67356009070295,31.41659863945578,32.15963718820862,32.90267573696145,33.645714285714284,34.38875283446712,35.131791383219955,35.87482993197279,36.617868480725626,37.36090702947846,38.10394557823129,38.846984126984125,39.59002267573696,40.333061224489796,41.07609977324263,41.81913832199547,42.5621768707483,43.30521541950113,44.04825396825397,44.7912925170068,45.53433106575964,46.27736961451247,47.02040816326531,47.763446712018144,48.50648526077097,49.24952380952381,49.99256235827664,50.73560090702948,51.478639455782314,52.22167800453515,52.964716553287985,53.707755102040814,54.45079365079365,55.193832199546485,55.93687074829932,56.679909297052156,57.42294784580499,58.16598639455783,58.909024943310655,59.65206349206349,60.395102040816326,61.13814058956916,61.881179138322,62.62421768707483,63.36725623582767,64.1102947845805,64.85333333333334,65.59637188208617,66.339410430839,67.08244897959183,67.82548752834467,68.5685260770975,69.31156462585034,70.05460317460317,70.79764172335601,71.54068027210884],"downbeats":[0.2089795918367347,3.1811337868480725,6.15328798185941,9.125442176870749,12.097596371882085,15.069750566893424,18.04190476190476,21.0140589569161,23.986213151927437,26.958367346938775,29.930521541950114,32.90267573696145,35.87482993197279,38.846984126984125,41.81913832199547,44.7912925170068,47.763446712018144,50.73560090702948,53.707755102040814,56.679909297052156,59.65206349206349,62.62421768707483,65.59637188208617,68.5685260770975,71.54068027210884],"beatOffsetSec":0.2089795918367347,"dropSec":36.989387755102044}