{"bpm":71.8,"beats":[0.11609977324263039,0.9520181405895691,1.787936507936508,2.6238548752834467,3.4597732426303853,4.295691609977324,5.131609977324263,5.9675283446712015,6.8034467120181406,7.63936507936508,8.475283446712018,9.311201814058958,10.147120181405896,10.983038548752834,11.818956916099774,12.654875283446712,13.49079365079365,14.32671201814059,15.162630385487528,15.998548752834466,16.834467120181404,17.670385487528346,18.506303854875284,19.342222222222222,20.17814058956916,21.0140589569161,21.849977324263037,22.68589569160998,23.521814058956917,24.357732426303855,25.193650793650793,26.02956916099773,26.865487528344673,27.70140589569161,28.53732426303855,29.373242630385487,30.209160997732425,31.045079365079363,31.880997732426305,32.71691609977324,33.55283446712018,34.38875283446712,35.22467120181406,36.060589569160996,36.89650793650794,37.73242630385487,38.568344671201814,39.404263038548756,40.24018140589569,41.07609977324263,41.912018140589566,42.74793650793651,43.58385487528345,44.419773242630384,45.255691609977326,46.09160997732426,46.9275283446712,47.763446712018144,48.59936507936508,49.43528344671202,50.271201814058955,51.1071201814059,51.94303854875283,52.77895691609977,53.614875283446715,54.45079365079365,55.28671201814059,56.122630385487525,56.95854875283447,57.79446712018141,58.63038548752834,59.466303854875285,60.30222222222222,61.13814058956916,61.9740589569161,62.80997732426304,63.64589569160998,64.48181405895691,65.31773242630385,66.1536507936508,66.98956916099773,67.82548752834467,68.66140589569162,69.49732426303855,70.33324263038548,71.16916099773243,72.00507936507937,72.8409977324263,73.67691609977324,74.51283446712019,75.34875283446712,76.18467120181406,77.020589569161,77.85650793650794,78.69242630385487,79.52834467120181,80.36426303854876,81.20018140589569,82.03609977324263,82.87201814058957,83.70793650793651,84.54385487528344,85.37977324263039,86.21569160997733,87.05160997732426,87.8875283446712,88.72344671201814,89.55936507936508],"downbeats":[0.11609977324263039,3.4597732426303853,6.8034467120181406,10.147120181405896,13.49079365079365,16.834467120181404,20.17814058956916,23.521814058956917,26.865487528344673,30.209160997732425,33.55283446712018,36.89650793650794,40.24018140589569,43.58385487528345,46.9275283446712,50.271201814058955,53.614875283446715,56.95854875283447,60.30222222222222,63.64589569160998,66.98956916099773,70.33324263038548,73.67691609977324,77.020589569161,80.36426303854876,83.70793650793651,87.05160997732426],"beatOffsetSec":0.11609977324263039,"dropSec":39.404263038548756}