{"bpm":99.4,"beats":[0.3250793650793651,0.9287981859410431,1.5325170068027212,2.136235827664399,2.7399546485260773,3.3436734693877552,3.947392290249433,4.551111111111111,5.154829931972789,5.758548752834467,6.362267573696145,6.965986394557823,7.569705215419501,8.17342403628118,8.777142857142858,9.380861678004536,9.984580498866213,10.588299319727891,11.19201814058957,11.795736961451247,12.399455782312925,13.003174603174603,13.606893424036281,14.210612244897959,14.814331065759637,15.418049886621315,16.021768707482995,16.62548752834467,17.22920634920635,17.832925170068027,18.436643990929706,19.040362811791383,19.644081632653062,20.24780045351474,20.851519274376418,21.455238095238094,22.058956916099774,22.66267573696145,23.26639455782313,23.870113378684806,24.473832199546486,25.077551020408162,25.68126984126984,26.284988662131518,26.888707482993198,27.492426303854874,28.096145124716553,28.69986394557823,29.30358276643991,29.90730158730159,30.511020408163265,31.114739229024945,31.71845804988662,32.3221768707483,32.92589569160998,33.52961451247165,34.13333333333333,34.73705215419501,35.34077097505669,35.944489795918365,36.548208616780045,37.151927437641724,37.755646258503404,38.35936507936508,38.963083900226756,39.566802721088436,40.170521541950116,40.77424036281179,41.37795918367347,41.98167800453515,42.58539682539683,43.1891156462585,43.79283446712018,44.39655328798186,45.00027210884354,45.60399092970521,46.20770975056689,46.81142857142857,47.41514739229025,48.01886621315193,48.6225850340136,49.22630385487528,49.83002267573696,50.43374149659864,51.037460317460315,51.641179138321995,52.244897959183675,52.848616780045354,53.45233560090703,54.05605442176871,54.659773242630386,55.263492063492066,55.86721088435374,56.47092970521542,57.0746485260771,57.67836734693878,58.28208616780045,58.88580498866213,59.48952380952381,60.09324263038549,60.69696145124716,61.30068027210884,61.90439909297052,62.5081179138322,63.111836734693874,63.715555555555554,64.31927437641724,64.92299319727891,65.52671201814059,66.13043083900227,66.73414965986395,67.33786848072562,67.9415873015873,68.54530612244898,69.14902494331066,69.75274376417234,70.35646258503401,70.9601814058957,71.56390022675737,72.16761904761904,72.77133786848073,73.3750566893424,73.97877551020409,74.58249433106576,75.18621315192743,75.78993197278912,76.39365079365079,76.99736961451246,77.60108843537415,78.20480725623582,78.80852607709751,79.41224489795918,80.01596371882086,80.61968253968254,81.22340136054422,81.8271201814059,82.43083900226758,83.03455782312925,83.63827664399093,84.24199546485261,84.84571428571428,85.44943310657597,86.05315192743764,86.65687074829933,87.260589569161,87.86430839002267,88.46802721088436,89.07174603174603,89.6754648526077],"downbeats":[2.136235827664399,4.551111111111111,6.965986394557823,9.380861678004536,11.795736961451247,14.210612244897959,16.62548752834467,19.040362811791383,21.455238095238094,23.870113378684806,26.284988662131518,28.69986394557823,31.114739229024945,33.52961451247165,35.944489795918365,38.35936507936508,40.77424036281179,43.1891156462585,45.60399092970521,48.01886621315193,50.43374149659864,52.848616780045354,55.263492063492066,57.67836734693878,60.09324263038549,62.5081179138322,64.92299319727891,67.33786848072562,69.75274376417234,72.16761904761904,74.58249433106576,76.99736961451246,79.41224489795918,81.8271201814059,84.24199546485261,86.65687074829933,89.07174603174603],"beatOffsetSec":0.3250793650793651,"dropSec":60.09324263038549}